year;geodb_oid;bfs;municipality;admin_boundary;parameter;unit;pop_weighted_mean;source
2015;2909;119;Seegräben;municipality;NO2;μg/m3;18.79434342972414;OSTLUFT, BAFU, BFS
2015;2910;195;Maur;municipality;NO2;μg/m3;18.858637478302356;OSTLUFT, BAFU, BFS
2015;2911;242;Birmensdorf (ZH);municipality;NO2;μg/m3;21.67705573719668;OSTLUFT, BAFU, BFS
2015;2912;111;Bäretswil;municipality;NO2;μg/m3;14.350001248820075;OSTLUFT, BAFU, BFS
2015;2913;0;;municipality;NO2;μg/m3;NA;OSTLUFT, BAFU, BFS
2015;2914;248;Uitikon;municipality;NO2;μg/m3;19.96593889698467;OSTLUFT, BAFU, BFS
2015;2915;114;Fischenthal;municipality;NO2;μg/m3;11.980065494859723;OSTLUFT, BAFU, BFS
2015;2916;194;Greifensee;municipality;NO2;μg/m3;20.74773630013029;OSTLUFT, BAFU, BFS
2015;2917;193;Fällanden;municipality;NO2;μg/m3;20.58849893144125;OSTLUFT, BAFU, BFS
2015;2918;198;Uster;municipality;NO2;μg/m3;21.13039823399599;OSTLUFT, BAFU, BFS
2015;2919;173;Hittnau;municipality;NO2;μg/m3;15.115202210449718;OSTLUFT, BAFU, BFS
2015;2920;197;Schwerzenbach;municipality;NO2;μg/m3;21.875760846875576;OSTLUFT, BAFU, BFS
2015;2921;250;Urdorf;municipality;NO2;μg/m3;24.170967062050355;OSTLUFT, BAFU, BFS
2015;2922;177;Pfäffikon;municipality;NO2;μg/m3;19.126968684884478;OSTLUFT, BAFU, BFS
2015;2923;297;Bauma;municipality;NO2;μg/m3;13.79810089752167;OSTLUFT, BAFU, BFS
2015;2924;247;Schlieren;municipality;NO2;μg/m3;23.26166103392915;OSTLUFT, BAFU, BFS
2015;2925;0;;municipality;NO2;μg/m3;NA;OSTLUFT, BAFU, BFS
2015;2926;172;Fehraltorf;municipality;NO2;μg/m3;19.762211248280906;OSTLUFT, BAFU, BFS
2015;2927;191;Dübendorf;municipality;NO2;μg/m3;24.168657785903733;OSTLUFT, BAFU, BFS
2015;2928;0;NA;municipality;NO2;μg/m3;NA;OSTLUFT, BAFU, BFS
2015;2929;199;Volketswil;municipality;NO2;μg/m3;22.29922661988764;OSTLUFT, BAFU, BFS
2015;2930;249;Unterengstringen;municipality;NO2;μg/m3;27.705109425358344;OSTLUFT, BAFU, BFS
2015;2931;245;Oberengstringen;municipality;NO2;μg/m3;25.2473159380325;OSTLUFT, BAFU, BFS
2015;2932;243;Dietikon;municipality;NO2;μg/m3;24.247665752236948;OSTLUFT, BAFU, BFS
2015;2933;178;Russikon;municipality;NO2;μg/m3;15.882933165197311;OSTLUFT, BAFU, BFS
2015;2934;244;Geroldswil;municipality;NO2;μg/m3;31.60458908476946;OSTLUFT, BAFU, BFS
2015;2935;200;Wangen-Brüttisellen;municipality;NO2;μg/m3;31.24100653789203;OSTLUFT, BAFU, BFS
2015;2936;251;Weiningen (ZH);municipality;NO2;μg/m3;27.68931517857419;OSTLUFT, BAFU, BFS
2015;2937;261;Zürich;municipality;NO2;μg/m3;25.914166469594996;OSTLUFT, BAFU, BFS
2015;2938;181;Wila;municipality;NO2;μg/m3;14.882012707941689;OSTLUFT, BAFU, BFS
2015;2939;246;Oetwil an der Limmat;municipality;NO2;μg/m3;24.834936402499373;OSTLUFT, BAFU, BFS
2015;2940;69;Wallisellen;municipality;NO2;μg/m3;30.675846923448667;OSTLUFT, BAFU, BFS
2015;2941;54;Dietlikon;municipality;NO2;μg/m3;26.433966741046554;OSTLUFT, BAFU, BFS
2015;2942;66;Opfikon;municipality;NO2;μg/m3;29.188223152029764;OSTLUFT, BAFU, BFS
2015;2943;182;Wildberg;municipality;NO2;μg/m3;13.558750507492482;OSTLUFT, BAFU, BFS
2015;2944;84;Dällikon;municipality;NO2;μg/m3;20.88149836137854;OSTLUFT, BAFU, BFS
2015;2945;87;Hüttikon;municipality;NO2;μg/m3;18.781551369763616;OSTLUFT, BAFU, BFS
2015;2946;85;Dänikon;municipality;NO2;μg/m3;18.989731578934443;OSTLUFT, BAFU, BFS
2015;2947;180;Weisslingen;municipality;NO2;μg/m3;15.697159268534776;OSTLUFT, BAFU, BFS
2015;2948;52;Bassersdorf;municipality;NO2;μg/m3;22.411770762898286;OSTLUFT, BAFU, BFS
2015;2949;96;Regensdorf;municipality;NO2;μg/m3;23.49134661430903;OSTLUFT, BAFU, BFS
2015;2950;228;Turbenthal;municipality;NO2;μg/m3;14.242150775542433;OSTLUFT, BAFU, BFS
2015;2951;83;Buchs (ZH);municipality;NO2;μg/m3;20.864064105162996;OSTLUFT, BAFU, BFS
2015;2952;97;Rümlang;municipality;NO2;μg/m3;21.89200955367551;OSTLUFT, BAFU, BFS
2015;2953;176;Lindau;municipality;NO2;μg/m3;27.305518063792476;OSTLUFT, BAFU, BFS
2015;2954;231;Zell (ZH);municipality;NO2;μg/m3;15.756214713266022;OSTLUFT, BAFU, BFS
2015;2955;296;Illnau-Effretikon;municipality;NO2;μg/m3;20.50900628185959;OSTLUFT, BAFU, BFS
2015;2956;64;Nürensdorf;municipality;NO2;μg/m3;19.658938679044034;OSTLUFT, BAFU, BFS
2015;2957;94;Otelfingen;municipality;NO2;μg/m3;19.614110358561845;OSTLUFT, BAFU, BFS
2015;2958;82;Boppelsen;municipality;NO2;μg/m3;17.102161554629436;OSTLUFT, BAFU, BFS
2015;2959;62;Kloten;municipality;NO2;μg/m3;24.56176431953052;OSTLUFT, BAFU, BFS
2015;2960;95;Regensberg;municipality;NO2;μg/m3;16.454874286966877;OSTLUFT, BAFU, BFS
2015;2961;86;Dielsdorf;municipality;NO2;μg/m3;20.519809976772375;OSTLUFT, BAFU, BFS
2015;2962;213;Brütten;municipality;NO2;μg/m3;17.758721848464592;OSTLUFT, BAFU, BFS
2015;2963;226;Schlatt (ZH);municipality;NO2;μg/m3;13.683663956039702;OSTLUFT, BAFU, BFS
2015;2964;90;Niederhasli;municipality;NO2;μg/m3;19.499128487699604;OSTLUFT, BAFU, BFS
2015;2965;63;Lufingen;municipality;NO2;μg/m3;19.782255011660453;OSTLUFT, BAFU, BFS
2015;2966;92;Oberglatt;municipality;NO2;μg/m3;19.913903799112934;OSTLUFT, BAFU, BFS
2015;2967;89;Niederglatt;municipality;NO2;μg/m3;18.951848738000873;OSTLUFT, BAFU, BFS
2015;2968;65;Oberembrach;municipality;NO2;μg/m3;18.025701249475443;OSTLUFT, BAFU, BFS
2015;2969;72;Winkel;municipality;NO2;μg/m3;18.62882236293303;OSTLUFT, BAFU, BFS
2015;2970;51;Bachenbülach;municipality;NO2;μg/m3;19.479704683842236;OSTLUFT, BAFU, BFS
2015;2971;294;Elgg;municipality;NO2;μg/m3;14.984765034635886;OSTLUFT, BAFU, BFS
2015;2972;101;Steinmaur;municipality;NO2;μg/m3;18.039147239350456;OSTLUFT, BAFU, BFS
2015;2973;60;Höri;municipality;NO2;μg/m3;19.45398406480099;OSTLUFT, BAFU, BFS
2015;2974;219;Elsau;municipality;NO2;μg/m3;17.712755234384673;OSTLUFT, BAFU, BFS
2015;2975;224;Pfungen;municipality;NO2;μg/m3;18.800692437758737;OSTLUFT, BAFU, BFS
2015;2976;99;Schöfflisdorf;municipality;NO2;μg/m3;17.18160132658155;OSTLUFT, BAFU, BFS
2015;2977;98;Schleinikon;municipality;NO2;μg/m3;15.94245950756651;OSTLUFT, BAFU, BFS
2015;2978;88;Neerach;municipality;NO2;μg/m3;17.216527888042474;OSTLUFT, BAFU, BFS
2015;2979;61;Hüntwangen;municipality;NO2;μg/m3;15.062387091038712;OSTLUFT, BAFU, BFS
2015;2980;291;Andelfingen;municipality;NO2;μg/m3;16.36225591312755;OSTLUFT, BAFU, BFS
2015;2981;70;Wasterkingen;municipality;NO2;μg/m3;14.219998783170665;OSTLUFT, BAFU, BFS
2015;2982;33;Kleinandelfingen;municipality;NO2;μg/m3;17.69494185310924;OSTLUFT, BAFU, BFS
2015;2983;71;Wil (ZH);municipality;NO2;μg/m3;14.487593101002663;OSTLUFT, BAFU, BFS
2015;2984;67;Rafz;municipality;NO2;μg/m3;15.535298004357946;OSTLUFT, BAFU, BFS
2015;2985;37;Ossingen;municipality;NO2;μg/m3;15.593143623043792;OSTLUFT, BAFU, BFS
2015;2986;41;Truttikon;municipality;NO2;μg/m3;14.414626440750926;OSTLUFT, BAFU, BFS
2015;2987;35;Marthalen;municipality;NO2;μg/m3;15.310356833504077;OSTLUFT, BAFU, BFS
2015;2988;38;Rheinau;municipality;NO2;μg/m3;14.745594160722277;OSTLUFT, BAFU, BFS
2015;2989;40;Trüllikon;municipality;NO2;μg/m3;14.902877650836098;OSTLUFT, BAFU, BFS
2015;2990;292;Stammheim;municipality;NO2;μg/m3;14.56467097919433;OSTLUFT, BAFU, BFS
2015;2991;22;Benken (ZH);municipality;NO2;μg/m3;15.461594843269745;OSTLUFT, BAFU, BFS
2015;2992;25;Dachsen;municipality;NO2;μg/m3;15.6623404224131;OSTLUFT, BAFU, BFS
2015;2993;34;Laufen-Uhwiesen;municipality;NO2;μg/m3;15.467675004013744;OSTLUFT, BAFU, BFS
2015;2994;29;Flurlingen;municipality;NO2;μg/m3;18.329975891655398;OSTLUFT, BAFU, BFS
2015;2995;27;Feuerthalen;municipality;NO2;μg/m3;16.429450460113078;OSTLUFT, BAFU, BFS
2015;2996;56;Embrach;municipality;NO2;μg/m3;19.75975958979984;OSTLUFT, BAFU, BFS
2015;2997;93;Oberweningen;municipality;NO2;μg/m3;16.932545428585968;OSTLUFT, BAFU, BFS
2015;2998;220;Hagenbuch;municipality;NO2;μg/m3;15.785358933302073;OSTLUFT, BAFU, BFS
2015;2999;215;Dättlikon;municipality;NO2;μg/m3;16.752848375018203;OSTLUFT, BAFU, BFS
2015;3000;59;Hochfelden;municipality;NO2;μg/m3;17.11627401884301;OSTLUFT, BAFU, BFS
2015;3001;81;Bachs;municipality;NO2;μg/m3;14.645967191941029;OSTLUFT, BAFU, BFS
2015;3002;230;Winterthur;municipality;NO2;μg/m3;21.4841362609857;OSTLUFT, BAFU, BFS
2015;3003;68;Rorbas;municipality;NO2;μg/m3;17.869946829935834;OSTLUFT, BAFU, BFS
2015;3004;227;Seuzach;municipality;NO2;μg/m3;21.150137112371766;OSTLUFT, BAFU, BFS
2015;3005;298;Wiesendangen;municipality;NO2;μg/m3;19.184706212666647;OSTLUFT, BAFU, BFS
2015;3006;100;Stadel;municipality;NO2;μg/m3;15.416624770718755;OSTLUFT, BAFU, BFS
2015;3007;53;Bülach;municipality;NO2;μg/m3;19.560340878079344;OSTLUFT, BAFU, BFS
2015;3008;57;Freienstein-Teufen;municipality;NO2;μg/m3;17.151554861534027;OSTLUFT, BAFU, BFS
2015;3009;223;Neftenbach;municipality;NO2;μg/m3;17.801039982646614;OSTLUFT, BAFU, BFS
2015;3010;221;Hettlingen;municipality;NO2;μg/m3;16.99956845311727;OSTLUFT, BAFU, BFS
2015;3011;24;Buch am Irchel;municipality;NO2;μg/m3;14.49763073060382;OSTLUFT, BAFU, BFS
2015;3012;225;Rickenbach (ZH);municipality;NO2;μg/m3;19.0310479827857;OSTLUFT, BAFU, BFS
2015;3013;102;Weiach;municipality;NO2;μg/m3;14.945050003176386;OSTLUFT, BAFU, BFS
2015;3014;31;Henggart;municipality;NO2;μg/m3;16.411870300796192;OSTLUFT, BAFU, BFS
2015;3015;23;Berg am Irchel;municipality;NO2;μg/m3;15.259539463290073;OSTLUFT, BAFU, BFS
2015;3016;218;Ellikon an der Thur;municipality;NO2;μg/m3;17.259587068152374;OSTLUFT, BAFU, BFS
2015;3017;216;Dinhard;municipality;NO2;μg/m3;16.25650683495306;OSTLUFT, BAFU, BFS
2015;3018;58;Glattfelden;municipality;NO2;μg/m3;15.59097634834894;OSTLUFT, BAFU, BFS
2015;3019;58;Glattfelden;municipality;NO2;μg/m3;NA;OSTLUFT, BAFU, BFS
2015;3020;214;Dägerlen;municipality;NO2;μg/m3;15.411337677491915;OSTLUFT, BAFU, BFS
2015;3021;43;Volken;municipality;NO2;μg/m3;15.490406522518251;OSTLUFT, BAFU, BFS
2015;3022;26;Dorf;municipality;NO2;μg/m3;15.242488101789146;OSTLUFT, BAFU, BFS
2015;3023;55;Eglisau;municipality;NO2;μg/m3;16.985694483785963;OSTLUFT, BAFU, BFS
2015;3024;211;Altikon;municipality;NO2;μg/m3;16.145802229243134;OSTLUFT, BAFU, BFS
2015;3025;39;Thalheim an der Thur;municipality;NO2;μg/m3;15.466539783602991;OSTLUFT, BAFU, BFS
2015;3026;28;Flaach;municipality;NO2;μg/m3;15.817912527710009;OSTLUFT, BAFU, BFS
2015;3027;91;Niederweningen;municipality;NO2;μg/m3;16.979349807927324;OSTLUFT, BAFU, BFS
2015;3028;152;Herrliberg;municipality;NO2;μg/m3;19.31338581738171;OSTLUFT, BAFU, BFS
2015;3029;5;Hedingen;municipality;NO2;μg/m3;19.165869976972978;OSTLUFT, BAFU, BFS
2015;3030;151;Erlenbach (ZH);municipality;NO2;μg/m3;20.39439982242526;OSTLUFT, BAFU, BFS
2015;3031;139;Rüschlikon;municipality;NO2;μg/m3;23.204278976188114;OSTLUFT, BAFU, BFS
2015;3032;120;Wald (ZH);municipality;NO2;μg/m3;16.068077649599537;OSTLUFT, BAFU, BFS
2015;3033;192;Egg;municipality;NO2;μg/m3;18.96197347806198;OSTLUFT, BAFU, BFS
2015;3034;196;Mönchaltorf;municipality;NO2;μg/m3;19.39926787192453;OSTLUFT, BAFU, BFS
2015;3035;115;Gossau (ZH);municipality;NO2;μg/m3;18.98972242480523;OSTLUFT, BAFU, BFS
2015;3036;117;Hinwil;municipality;NO2;μg/m3;17.628210817045723;OSTLUFT, BAFU, BFS
2015;3037;131;Adliswil;municipality;NO2;μg/m3;22.27732730404085;OSTLUFT, BAFU, BFS
2015;3038;3;Bonstetten;municipality;NO2;μg/m3;18.495856519663157;OSTLUFT, BAFU, BFS
2015;3039;135;Kilchberg (ZH);municipality;NO2;μg/m3;22.654340372017934;OSTLUFT, BAFU, BFS
2015;3040;154;Küsnacht (ZH);municipality;NO2;μg/m3;20.388822086903904;OSTLUFT, BAFU, BFS
2015;3041;196;Mönchaltorf;municipality;NO2;μg/m3;NA;OSTLUFT, BAFU, BFS
2015;3042;241;Aesch (ZH);municipality;NO2;μg/m3;19.931960102738135;OSTLUFT, BAFU, BFS
2015;3043;0;;municipality;NO2;μg/m3;NA;OSTLUFT, BAFU, BFS
2015;3044;138;Richterswil;municipality;NO2;μg/m3;21.311266574711453;OSTLUFT, BAFU, BFS
2015;3045;6;Kappel am Albis;municipality;NO2;μg/m3;16.89276683463483;OSTLUFT, BAFU, BFS
2015;3046;7;Knonau;municipality;NO2;μg/m3;22.26177295899854;OSTLUFT, BAFU, BFS
2015;3047;8;Maschwanden;municipality;NO2;μg/m3;17.63189804241727;OSTLUFT, BAFU, BFS
2015;3048;293;Wädenswil;municipality;NO2;μg/m3;18.952860493929148;OSTLUFT, BAFU, BFS
2015;3049;12;Rifferswil;municipality;NO2;μg/m3;16.33952933229426;OSTLUFT, BAFU, BFS
2015;3050;158;Stäfa;municipality;NO2;μg/m3;19.461396703577993;OSTLUFT, BAFU, BFS
2015;3051;9;Mettmenstetten;municipality;NO2;μg/m3;19.59453548917275;OSTLUFT, BAFU, BFS
2015;3052;153;Hombrechtikon;municipality;NO2;μg/m3;18.655242850706212;OSTLUFT, BAFU, BFS
2015;3053;295;Horgen;municipality;NO2;μg/m3;21.69657881869421;OSTLUFT, BAFU, BFS
2015;3054;4;Hausen am Albis;municipality;NO2;μg/m3;16.260252582424407;OSTLUFT, BAFU, BFS
2015;3055;155;Männedorf;municipality;NO2;μg/m3;20.018681785939417;OSTLUFT, BAFU, BFS
2015;3056;118;Rüti (ZH);municipality;NO2;μg/m3;19.391537453251953;OSTLUFT, BAFU, BFS
2015;3057;10;Obfelden;municipality;NO2;μg/m3;19.187738554176157;OSTLUFT, BAFU, BFS
2015;3058;137;Oberrieden;municipality;NO2;μg/m3;21.300807242820472;OSTLUFT, BAFU, BFS
2015;3059;159;Uetikon am See;municipality;NO2;μg/m3;19.4794429059093;OSTLUFT, BAFU, BFS
2015;3060;157;Oetwil am See;municipality;NO2;μg/m3;18.929136747794576;OSTLUFT, BAFU, BFS
2015;3061;11;Ottenbach;municipality;NO2;μg/m3;19.679767997340463;OSTLUFT, BAFU, BFS
2015;3062;1;Aeugst am Albis;municipality;NO2;μg/m3;15.099412461716733;OSTLUFT, BAFU, BFS
2015;3063;113;Dürnten;municipality;NO2;μg/m3;18.746714989022365;OSTLUFT, BAFU, BFS
2015;3064;116;Grüningen;municipality;NO2;μg/m3;18.07783916982608;OSTLUFT, BAFU, BFS
2015;3065;112;Bubikon;municipality;NO2;μg/m3;18.290146089313588;OSTLUFT, BAFU, BFS
2015;3066;2;Affoltern am Albis;municipality;NO2;μg/m3;20.409127986241902;OSTLUFT, BAFU, BFS
2015;3067;136;Langnau am Albis;municipality;NO2;μg/m3;19.253154334907073;OSTLUFT, BAFU, BFS
2015;3068;141;Thalwil;municipality;NO2;μg/m3;22.67055317837505;OSTLUFT, BAFU, BFS
2015;3069;156;Meilen;municipality;NO2;μg/m3;21.170060869426166;OSTLUFT, BAFU, BFS
2015;3070;14;Wettswil am Albis;municipality;NO2;μg/m3;21.12666660455861;OSTLUFT, BAFU, BFS
2015;3071;160;Zumikon;municipality;NO2;μg/m3;19.61014708420301;OSTLUFT, BAFU, BFS
2015;3072;121;Wetzikon (ZH);municipality;NO2;μg/m3;20.976916015730744;OSTLUFT, BAFU, BFS
2015;3073;13;Stallikon;municipality;NO2;μg/m3;19.088188647815976;OSTLUFT, BAFU, BFS
2015;3074;161;Zollikon;municipality;NO2;μg/m3;20.835022247071493;OSTLUFT, BAFU, BFS
2015;2909;119;Seegräben;municipality;PM2.5;μg/m3;9.380047915771847;OSTLUFT, BAFU, BFS
2015;2910;195;Maur;municipality;PM2.5;μg/m3;9.319300497349008;OSTLUFT, BAFU, BFS
2015;2911;242;Birmensdorf (ZH);municipality;PM2.5;μg/m3;10.086074056539191;OSTLUFT, BAFU, BFS
2015;2912;111;Bäretswil;municipality;PM2.5;μg/m3;8.782032127570956;OSTLUFT, BAFU, BFS
2015;2913;0;;municipality;PM2.5;μg/m3;NA;OSTLUFT, BAFU, BFS
2015;2914;248;Uitikon;municipality;PM2.5;μg/m3;9.770688849478798;OSTLUFT, BAFU, BFS
2015;2915;114;Fischenthal;municipality;PM2.5;μg/m3;8.259862241226902;OSTLUFT, BAFU, BFS
2015;2916;194;Greifensee;municipality;PM2.5;μg/m3;9.943949425665204;OSTLUFT, BAFU, BFS
2015;2917;193;Fällanden;municipality;PM2.5;μg/m3;9.70866155406171;OSTLUFT, BAFU, BFS
2015;2918;198;Uster;municipality;PM2.5;μg/m3;9.925733362578399;OSTLUFT, BAFU, BFS
2015;2919;173;Hittnau;municipality;PM2.5;μg/m3;8.926485924629814;OSTLUFT, BAFU, BFS
2015;2920;197;Schwerzenbach;municipality;PM2.5;μg/m3;10.125284199879362;OSTLUFT, BAFU, BFS
2015;2921;250;Urdorf;municipality;PM2.5;μg/m3;10.600935919867078;OSTLUFT, BAFU, BFS
2015;2922;177;Pfäffikon;municipality;PM2.5;μg/m3;9.58116016427395;OSTLUFT, BAFU, BFS
2015;2923;297;Bauma;municipality;PM2.5;μg/m3;8.71105771358634;OSTLUFT, BAFU, BFS
2015;2924;247;Schlieren;municipality;PM2.5;μg/m3;10.641916470947557;OSTLUFT, BAFU, BFS
2015;2925;0;;municipality;PM2.5;μg/m3;NA;OSTLUFT, BAFU, BFS
2015;2926;172;Fehraltorf;municipality;PM2.5;μg/m3;9.668509825745895;OSTLUFT, BAFU, BFS
2015;2927;191;Dübendorf;municipality;PM2.5;μg/m3;10.467828589717673;OSTLUFT, BAFU, BFS
2015;2928;0;NA;municipality;PM2.5;μg/m3;NA;OSTLUFT, BAFU, BFS
2015;2929;199;Volketswil;municipality;PM2.5;μg/m3;10.027930823255572;OSTLUFT, BAFU, BFS
2015;2930;249;Unterengstringen;municipality;PM2.5;μg/m3;10.7515666912068;OSTLUFT, BAFU, BFS
2015;2931;245;Oberengstringen;municipality;PM2.5;μg/m3;10.594649997981877;OSTLUFT, BAFU, BFS
2015;2932;243;Dietikon;municipality;PM2.5;μg/m3;10.804080536630908;OSTLUFT, BAFU, BFS
2015;2933;178;Russikon;municipality;PM2.5;μg/m3;9.088856167263454;OSTLUFT, BAFU, BFS
2015;2934;244;Geroldswil;municipality;PM2.5;μg/m3;11.149199669408834;OSTLUFT, BAFU, BFS
2015;2935;200;Wangen-Brüttisellen;municipality;PM2.5;μg/m3;11.139837123844243;OSTLUFT, BAFU, BFS
2015;2936;251;Weiningen (ZH);municipality;PM2.5;μg/m3;10.715654472221603;OSTLUFT, BAFU, BFS
2015;2937;261;Zürich;municipality;PM2.5;μg/m3;10.668519997510144;OSTLUFT, BAFU, BFS
2015;2938;181;Wila;municipality;PM2.5;μg/m3;8.97211961697355;OSTLUFT, BAFU, BFS
2015;2939;246;Oetwil an der Limmat;municipality;PM2.5;μg/m3;10.533603533122431;OSTLUFT, BAFU, BFS
2015;2940;69;Wallisellen;municipality;PM2.5;μg/m3;11.29953647244461;OSTLUFT, BAFU, BFS
2015;2941;54;Dietlikon;municipality;PM2.5;μg/m3;10.858046620930303;OSTLUFT, BAFU, BFS
2015;2942;66;Opfikon;municipality;PM2.5;μg/m3;11.130429875627298;OSTLUFT, BAFU, BFS
2015;2943;182;Wildberg;municipality;PM2.5;μg/m3;8.809592902704294;OSTLUFT, BAFU, BFS
2015;2944;84;Dällikon;municipality;PM2.5;μg/m3;10.021461230785349;OSTLUFT, BAFU, BFS
2015;2945;87;Hüttikon;municipality;PM2.5;μg/m3;9.805785933181017;OSTLUFT, BAFU, BFS
2015;2946;85;Dänikon;municipality;PM2.5;μg/m3;9.764029936934666;OSTLUFT, BAFU, BFS
2015;2947;180;Weisslingen;municipality;PM2.5;μg/m3;9.060270689294693;OSTLUFT, BAFU, BFS
2015;2948;52;Bassersdorf;municipality;PM2.5;μg/m3;10.294408652370333;OSTLUFT, BAFU, BFS
2015;2949;96;Regensdorf;municipality;PM2.5;μg/m3;10.345533523679423;OSTLUFT, BAFU, BFS
2015;2950;228;Turbenthal;municipality;PM2.5;μg/m3;8.982807367645526;OSTLUFT, BAFU, BFS
2015;2951;83;Buchs (ZH);municipality;PM2.5;μg/m3;10.115620401371874;OSTLUFT, BAFU, BFS
2015;2952;97;Rümlang;municipality;PM2.5;μg/m3;10.263356596748968;OSTLUFT, BAFU, BFS
2015;2953;176;Lindau;municipality;PM2.5;μg/m3;10.2553741785332;OSTLUFT, BAFU, BFS
2015;2954;231;Zell (ZH);municipality;PM2.5;μg/m3;9.225438519684891;OSTLUFT, BAFU, BFS
2015;2955;296;Illnau-Effretikon;municipality;PM2.5;μg/m3;9.69123955629915;OSTLUFT, BAFU, BFS
2015;2956;64;Nürensdorf;municipality;PM2.5;μg/m3;9.722102746027442;OSTLUFT, BAFU, BFS
2015;2957;94;Otelfingen;municipality;PM2.5;μg/m3;9.945242079078957;OSTLUFT, BAFU, BFS
2015;2958;82;Boppelsen;municipality;PM2.5;μg/m3;9.39084480871422;OSTLUFT, BAFU, BFS
2015;2959;62;Kloten;municipality;PM2.5;μg/m3;10.56345509943989;OSTLUFT, BAFU, BFS
2015;2960;95;Regensberg;municipality;PM2.5;μg/m3;9.291635172426208;OSTLUFT, BAFU, BFS
2015;2961;86;Dielsdorf;municipality;PM2.5;μg/m3;9.950937467838871;OSTLUFT, BAFU, BFS
2015;2962;213;Brütten;municipality;PM2.5;μg/m3;9.292251685537943;OSTLUFT, BAFU, BFS
2015;2963;226;Schlatt (ZH);municipality;PM2.5;μg/m3;8.729915999390585;OSTLUFT, BAFU, BFS
2015;2964;90;Niederhasli;municipality;PM2.5;μg/m3;9.9405791222177875;OSTLUFT, BAFU, BFS
2015;2965;63;Lufingen;municipality;PM2.5;μg/m3;9.63458463390365;OSTLUFT, BAFU, BFS
2015;2966;92;Oberglatt;municipality;PM2.5;μg/m3;9.968066297939655;OSTLUFT, BAFU, BFS
2015;2967;89;Niederglatt;municipality;PM2.5;μg/m3;9.884539669600828;OSTLUFT, BAFU, BFS
2015;2968;65;Oberembrach;municipality;PM2.5;μg/m3;9.454609795804425;OSTLUFT, BAFU, BFS
2015;2969;72;Winkel;municipality;PM2.5;μg/m3;9.641763759247718;OSTLUFT, BAFU, BFS
2015;2970;51;Bachenbülach;municipality;PM2.5;μg/m3;9.89439350505208;OSTLUFT, BAFU, BFS
2015;2971;294;Elgg;municipality;PM2.5;μg/m3;9.167228937198937;OSTLUFT, BAFU, BFS
2015;2972;101;Steinmaur;municipality;PM2.5;μg/m3;9.65110975886513;OSTLUFT, BAFU, BFS
2015;2973;60;Höri;municipality;PM2.5;μg/m3;9.87663141763275;OSTLUFT, BAFU, BFS
2015;2974;219;Elsau;municipality;PM2.5;μg/m3;9.54843362861866;OSTLUFT, BAFU, BFS
2015;2975;224;Pfungen;municipality;PM2.5;μg/m3;9.731101824077594;OSTLUFT, BAFU, BFS
2015;2976;99;Schöfflisdorf;municipality;PM2.5;μg/m3;9.45251816834332;OSTLUFT, BAFU, BFS
2015;2977;98;Schleinikon;municipality;PM2.5;μg/m3;9.27321015329072;OSTLUFT, BAFU, BFS
2015;2978;88;Neerach;municipality;PM2.5;μg/m3;9.52260811313305;OSTLUFT, BAFU, BFS
2015;2979;61;Hüntwangen;municipality;PM2.5;μg/m3;9.196334529615722;OSTLUFT, BAFU, BFS
2015;2980;291;Andelfingen;municipality;PM2.5;μg/m3;9.400083912193;OSTLUFT, BAFU, BFS
2015;2981;70;Wasterkingen;municipality;PM2.5;μg/m3;9.096660756818604;OSTLUFT, BAFU, BFS
2015;2982;33;Kleinandelfingen;municipality;PM2.5;μg/m3;9.588641438834228;OSTLUFT, BAFU, BFS
2015;2983;71;Wil (ZH);municipality;PM2.5;μg/m3;9.22017382016685;OSTLUFT, BAFU, BFS
2015;2984;67;Rafz;municipality;PM2.5;μg/m3;9.343583174666373;OSTLUFT, BAFU, BFS
2015;2985;37;Ossingen;municipality;PM2.5;μg/m3;9.323159407284926;OSTLUFT, BAFU, BFS
2015;2986;41;Truttikon;municipality;PM2.5;μg/m3;9.075055871260794;OSTLUFT, BAFU, BFS
2015;2987;35;Marthalen;municipality;PM2.5;μg/m3;9.373706576619426;OSTLUFT, BAFU, BFS
2015;2988;38;Rheinau;municipality;PM2.5;μg/m3;9.146406085448277;OSTLUFT, BAFU, BFS
2015;2989;40;Trüllikon;municipality;PM2.5;μg/m3;9.14330194432448;OSTLUFT, BAFU, BFS
2015;2990;292;Stammheim;municipality;PM2.5;μg/m3;9.196585633561051;OSTLUFT, BAFU, BFS
2015;2991;22;Benken (ZH);municipality;PM2.5;μg/m3;9.245386568056484;OSTLUFT, BAFU, BFS
2015;2992;25;Dachsen;municipality;PM2.5;μg/m3;9.222931627420852;OSTLUFT, BAFU, BFS
2015;2993;34;Laufen-Uhwiesen;municipality;PM2.5;μg/m3;9.078587489928845;OSTLUFT, BAFU, BFS
2015;2994;29;Flurlingen;municipality;PM2.5;μg/m3;9.554174305759071;OSTLUFT, BAFU, BFS
2015;2995;27;Feuerthalen;municipality;PM2.5;μg/m3;9.218994636645263;OSTLUFT, BAFU, BFS
2015;2996;56;Embrach;municipality;PM2.5;μg/m3;9.9166462020842;OSTLUFT, BAFU, BFS
2015;2997;93;Oberweningen;municipality;PM2.5;μg/m3;9.461731440379019;OSTLUFT, BAFU, BFS
2015;2998;220;Hagenbuch;municipality;PM2.5;μg/m3;9.049623567741234;OSTLUFT, BAFU, BFS
2015;2999;215;Dättlikon;municipality;PM2.5;μg/m3;9.464481548050273;OSTLUFT, BAFU, BFS
2015;3000;59;Hochfelden;municipality;PM2.5;μg/m3;9.611790917484635;OSTLUFT, BAFU, BFS
2015;3001;81;Bachs;municipality;PM2.5;μg/m3;9.108118287614873;OSTLUFT, BAFU, BFS
2015;3002;230;Winterthur;municipality;PM2.5;μg/m3;10.01712350855477;OSTLUFT, BAFU, BFS
2015;3003;68;Rorbas;municipality;PM2.5;μg/m3;9.717497863325281;OSTLUFT, BAFU, BFS
2015;3004;227;Seuzach;municipality;PM2.5;μg/m3;9.79186819930394;OSTLUFT, BAFU, BFS
2015;3005;298;Wiesendangen;municipality;PM2.5;μg/m3;9.599264517108493;OSTLUFT, BAFU, BFS
2015;3006;100;Stadel;municipality;PM2.5;μg/m3;9.28340715333859;OSTLUFT, BAFU, BFS
2015;3007;53;Bülach;municipality;PM2.5;μg/m3;10.069734619312884;OSTLUFT, BAFU, BFS
2015;3008;57;Freienstein-Teufen;municipality;PM2.5;μg/m3;9.67026727167296;OSTLUFT, BAFU, BFS
2015;3009;223;Neftenbach;municipality;PM2.5;μg/m3;9.581687140306435;OSTLUFT, BAFU, BFS
2015;3010;221;Hettlingen;municipality;PM2.5;μg/m3;9.46930243686017;OSTLUFT, BAFU, BFS
2015;3011;24;Buch am Irchel;municipality;PM2.5;μg/m3;9.042567446555859;OSTLUFT, BAFU, BFS
2015;3012;225;Rickenbach (ZH);municipality;PM2.5;μg/m3;9.575060084165191;OSTLUFT, BAFU, BFS
2015;3013;102;Weiach;municipality;PM2.5;μg/m3;9.230060739273375;OSTLUFT, BAFU, BFS
2015;3014;31;Henggart;municipality;PM2.5;μg/m3;9.375394023694312;OSTLUFT, BAFU, BFS
2015;3015;23;Berg am Irchel;municipality;PM2.5;μg/m3;9.286122749431083;OSTLUFT, BAFU, BFS
2015;3016;218;Ellikon an der Thur;municipality;PM2.5;μg/m3;9.439674604659112;OSTLUFT, BAFU, BFS
2015;3017;216;Dinhard;municipality;PM2.5;μg/m3;9.275064977215182;OSTLUFT, BAFU, BFS
2015;3018;58;Glattfelden;municipality;PM2.5;μg/m3;9.338932440632444;OSTLUFT, BAFU, BFS
2015;3019;58;Glattfelden;municipality;PM2.5;μg/m3;NA;OSTLUFT, BAFU, BFS
2015;3020;214;Dägerlen;municipality;PM2.5;μg/m3;9.157872117768735;OSTLUFT, BAFU, BFS
2015;3021;43;Volken;municipality;PM2.5;μg/m3;9.310875145981951;OSTLUFT, BAFU, BFS
2015;3022;26;Dorf;municipality;PM2.5;μg/m3;9.251314301399669;OSTLUFT, BAFU, BFS
2015;3023;55;Eglisau;municipality;PM2.5;μg/m3;9.51817422595417;OSTLUFT, BAFU, BFS
2015;3024;211;Altikon;municipality;PM2.5;μg/m3;9.313947785629068;OSTLUFT, BAFU, BFS
2015;3025;39;Thalheim an der Thur;municipality;PM2.5;μg/m3;9.24413076793078;OSTLUFT, BAFU, BFS
2015;3026;28;Flaach;municipality;PM2.5;μg/m3;9.421856066223922;OSTLUFT, BAFU, BFS
2015;3027;91;Niederweningen;municipality;PM2.5;μg/m3;9.46588503051646;OSTLUFT, BAFU, BFS
2015;3028;152;Herrliberg;municipality;PM2.5;μg/m3;9.949507175986971;OSTLUFT, BAFU, BFS
2015;3029;5;Hedingen;municipality;PM2.5;μg/m3;9.89996054811658;OSTLUFT, BAFU, BFS
2015;3030;151;Erlenbach (ZH);municipality;PM2.5;μg/m3;10.0260557712802;OSTLUFT, BAFU, BFS
2015;3031;139;Rüschlikon;municipality;PM2.5;μg/m3;10.343070953462167;OSTLUFT, BAFU, BFS
2015;3032;120;Wald (ZH);municipality;PM2.5;μg/m3;9.389245165114499;OSTLUFT, BAFU, BFS
2015;3033;192;Egg;municipality;PM2.5;μg/m3;9.520615522364729;OSTLUFT, BAFU, BFS
2015;3034;196;Mönchaltorf;municipality;PM2.5;μg/m3;9.641054911163371;OSTLUFT, BAFU, BFS
2015;3035;115;Gossau (ZH);municipality;PM2.5;μg/m3;9.723934798887278;OSTLUFT, BAFU, BFS
2015;3036;117;Hinwil;municipality;PM2.5;μg/m3;9.694601635436703;OSTLUFT, BAFU, BFS
2015;3037;131;Adliswil;municipality;PM2.5;μg/m3;10.272542843593516;OSTLUFT, BAFU, BFS
2015;3038;3;Bonstetten;municipality;PM2.5;μg/m3;9.760919152166128;OSTLUFT, BAFU, BFS
2015;3039;135;Kilchberg (ZH);municipality;PM2.5;μg/m3;10.180914147062177;OSTLUFT, BAFU, BFS
2015;3040;154;Küsnacht (ZH);municipality;PM2.5;μg/m3;9.90012848348176;OSTLUFT, BAFU, BFS
2015;3041;196;Mönchaltorf;municipality;PM2.5;μg/m3;NA;OSTLUFT, BAFU, BFS
2015;3042;241;Aesch (ZH);municipality;PM2.5;μg/m3;9.710546240901316;OSTLUFT, BAFU, BFS
2015;3043;0;;municipality;PM2.5;μg/m3;NA;OSTLUFT, BAFU, BFS
2015;3044;138;Richterswil;municipality;PM2.5;μg/m3;10.090219609161117;OSTLUFT, BAFU, BFS
2015;3045;6;Kappel am Albis;municipality;PM2.5;μg/m3;9.653501442373907;OSTLUFT, BAFU, BFS
2015;3046;7;Knonau;municipality;PM2.5;μg/m3;10.324865094071482;OSTLUFT, BAFU, BFS
2015;3047;8;Maschwanden;municipality;PM2.5;μg/m3;10.042361066962243;OSTLUFT, BAFU, BFS
2015;3048;293;Wädenswil;municipality;PM2.5;μg/m3;9.852389505979897;OSTLUFT, BAFU, BFS
2015;3049;12;Rifferswil;municipality;PM2.5;μg/m3;9.581736031398979;OSTLUFT, BAFU, BFS
2015;3050;158;Stäfa;municipality;PM2.5;μg/m3;10.01565798038935;OSTLUFT, BAFU, BFS
2015;3051;9;Mettmenstetten;municipality;PM2.5;μg/m3;10.130979851269073;OSTLUFT, BAFU, BFS
2015;3052;153;Hombrechtikon;municipality;PM2.5;μg/m3;9.89091699770647;OSTLUFT, BAFU, BFS
2015;3053;295;Horgen;municipality;PM2.5;μg/m3;10.184595247956405;OSTLUFT, BAFU, BFS
2015;3054;4;Hausen am Albis;municipality;PM2.5;μg/m3;9.50959494275034;OSTLUFT, BAFU, BFS
2015;3055;155;Männedorf;municipality;PM2.5;μg/m3;10.147712035805313;OSTLUFT, BAFU, BFS
2015;3056;118;Rüti (ZH);municipality;PM2.5;μg/m3;9.927635125781723;OSTLUFT, BAFU, BFS
2015;3057;10;Obfelden;municipality;PM2.5;μg/m3;10.164126630664715;OSTLUFT, BAFU, BFS
2015;3058;137;Oberrieden;municipality;PM2.5;μg/m3;10.328159337165133;OSTLUFT, BAFU, BFS
2015;3059;159;Uetikon am See;municipality;PM2.5;μg/m3;10.000994850170574;OSTLUFT, BAFU, BFS
2015;3060;157;Oetwil am See;municipality;PM2.5;μg/m3;9.816394653698005;OSTLUFT, BAFU, BFS
2015;3061;11;Ottenbach;municipality;PM2.5;μg/m3;10.271670583782505;OSTLUFT, BAFU, BFS
2015;3062;1;Aeugst am Albis;municipality;PM2.5;μg/m3;9.352389040583384;OSTLUFT, BAFU, BFS
2015;3063;113;Dürnten;municipality;PM2.5;μg/m3;9.806206291174586;OSTLUFT, BAFU, BFS
2015;3064;116;Grüningen;municipality;PM2.5;μg/m3;9.803800334947097;OSTLUFT, BAFU, BFS
2015;3065;112;Bubikon;municipality;PM2.5;μg/m3;9.747027593863534;OSTLUFT, BAFU, BFS
2015;3066;2;Affoltern am Albis;municipality;PM2.5;μg/m3;10.212274230392953;OSTLUFT, BAFU, BFS
2015;3067;136;Langnau am Albis;municipality;PM2.5;μg/m3;9.881899455196887;OSTLUFT, BAFU, BFS
2015;3068;141;Thalwil;municipality;PM2.5;μg/m3;10.371903481913392;OSTLUFT, BAFU, BFS
2015;3069;156;Meilen;municipality;PM2.5;μg/m3;10.248569204415926;OSTLUFT, BAFU, BFS
2015;3070;14;Wettswil am Albis;municipality;PM2.5;μg/m3;9.894170582269762;OSTLUFT, BAFU, BFS
2015;3071;160;Zumikon;municipality;PM2.5;μg/m3;9.370518452978262;OSTLUFT, BAFU, BFS
2015;3072;121;Wetzikon (ZH);municipality;PM2.5;μg/m3;9.815266127694095;OSTLUFT, BAFU, BFS
2015;3073;13;Stallikon;municipality;PM2.5;μg/m3;9.748914310998103;OSTLUFT, BAFU, BFS
2015;3074;161;Zollikon;municipality;PM2.5;μg/m3;9.83670339924658;OSTLUFT, BAFU, BFS
2015;2909;119;Seegräben;municipality;PM10;μg/m3;12.594762743316469;OSTLUFT, BAFU, BFS
2015;2910;195;Maur;municipality;PM10;μg/m3;12.369717130197461;OSTLUFT, BAFU, BFS
2015;2911;242;Birmensdorf (ZH);municipality;PM10;μg/m3;13.740622245547284;OSTLUFT, BAFU, BFS
2015;2912;111;Bäretswil;municipality;PM10;μg/m3;11.116552570023133;OSTLUFT, BAFU, BFS
2015;2913;0;;municipality;PM10;μg/m3;NA;OSTLUFT, BAFU, BFS
2015;2914;248;Uitikon;municipality;PM10;μg/m3;13.188234004353324;OSTLUFT, BAFU, BFS
2015;2915;114;Fischenthal;municipality;PM10;μg/m3;10.301520433176451;OSTLUFT, BAFU, BFS
2015;2916;194;Greifensee;municipality;PM10;μg/m3;13.766173582757482;OSTLUFT, BAFU, BFS
2015;2917;193;Fällanden;municipality;PM10;μg/m3;13.115836598449972;OSTLUFT, BAFU, BFS
2015;2918;198;Uster;municipality;PM10;μg/m3;13.682899636965239;OSTLUFT, BAFU, BFS
2015;2919;173;Hittnau;municipality;PM10;μg/m3;11.45837770768667;OSTLUFT, BAFU, BFS
2015;2920;197;Schwerzenbach;municipality;PM10;μg/m3;14.116867767835567;OSTLUFT, BAFU, BFS
2015;2921;250;Urdorf;municipality;PM10;μg/m3;15.053542354934583;OSTLUFT, BAFU, BFS
2015;2922;177;Pfäffikon;municipality;PM10;μg/m3;12.85622677854825;OSTLUFT, BAFU, BFS
2015;2923;297;Bauma;municipality;PM10;μg/m3;11.019111587797434;OSTLUFT, BAFU, BFS
2015;2924;247;Schlieren;municipality;PM10;μg/m3;15.262053978029295;OSTLUFT, BAFU, BFS
2015;2925;0;;municipality;PM10;μg/m3;NA;OSTLUFT, BAFU, BFS
2015;2926;172;Fehraltorf;municipality;PM10;μg/m3;13.002957882648936;OSTLUFT, BAFU, BFS
2015;2927;191;Dübendorf;municipality;PM10;μg/m3;14.727373120449917;OSTLUFT, BAFU, BFS
2015;2928;0;NA;municipality;PM10;μg/m3;NA;OSTLUFT, BAFU, BFS
2015;2929;199;Volketswil;municipality;PM10;μg/m3;13.854866300898053;OSTLUFT, BAFU, BFS
2015;2930;249;Unterengstringen;municipality;PM10;μg/m3;15.262006691247164;OSTLUFT, BAFU, BFS
2015;2931;245;Oberengstringen;municipality;PM10;μg/m3;14.957165152947342;OSTLUFT, BAFU, BFS
2015;2932;243;Dietikon;municipality;PM10;μg/m3;15.524729769718874;OSTLUFT, BAFU, BFS
2015;2933;178;Russikon;municipality;PM10;μg/m3;11.78331583787587;OSTLUFT, BAFU, BFS
2015;2934;244;Geroldswil;municipality;PM10;μg/m3;16.07290402406052;OSTLUFT, BAFU, BFS
2015;2935;200;Wangen-Brüttisellen;municipality;PM10;μg/m3;16.033790585855957;OSTLUFT, BAFU, BFS
2015;2936;251;Weiningen (ZH);municipality;PM10;μg/m3;15.168524298924314;OSTLUFT, BAFU, BFS
2015;2937;261;Zürich;municipality;PM10;μg/m3;14.936332870282826;OSTLUFT, BAFU, BFS
2015;2938;181;Wila;municipality;PM10;μg/m3;11.60033492349057;OSTLUFT, BAFU, BFS
2015;2939;246;Oetwil an der Limmat;municipality;PM10;μg/m3;14.818198122423375;OSTLUFT, BAFU, BFS
2015;2940;69;Wallisellen;municipality;PM10;μg/m3;16.27328572818614;OSTLUFT, BAFU, BFS
2015;2941;54;Dietlikon;municipality;PM10;μg/m3;15.55016548739586;OSTLUFT, BAFU, BFS
2015;2942;66;Opfikon;municipality;PM10;μg/m3;15.888865806346017;OSTLUFT, BAFU, BFS
2015;2943;182;Wildberg;municipality;PM10;μg/m3;11.198113585537465;OSTLUFT, BAFU, BFS
2015;2944;84;Dällikon;municipality;PM10;μg/m3;13.705037638522873;OSTLUFT, BAFU, BFS
2015;2945;87;Hüttikon;municipality;PM10;μg/m3;13.30306489313015;OSTLUFT, BAFU, BFS
2015;2946;85;Dänikon;municipality;PM10;μg/m3;13.231863530705;OSTLUFT, BAFU, BFS
2015;2947;180;Weisslingen;municipality;PM10;μg/m3;11.75538596809333;OSTLUFT, BAFU, BFS
2015;2948;52;Bassersdorf;municipality;PM10;μg/m3;14.378882939437656;OSTLUFT, BAFU, BFS
2015;2949;96;Regensdorf;municipality;PM10;μg/m3;14.41370721105677;OSTLUFT, BAFU, BFS
2015;2950;228;Turbenthal;municipality;PM10;μg/m3;11.564769723829924;OSTLUFT, BAFU, BFS
2015;2951;83;Buchs (ZH);municipality;PM10;μg/m3;13.92547375957643;OSTLUFT, BAFU, BFS
2015;2952;97;Rümlang;municipality;PM10;μg/m3;14.137877838482531;OSTLUFT, BAFU, BFS
2015;2953;176;Lindau;municipality;PM10;μg/m3;14.302428438928391;OSTLUFT, BAFU, BFS
2015;2954;231;Zell (ZH);municipality;PM10;μg/m3;12.081416921709714;OSTLUFT, BAFU, BFS
2015;2955;296;Illnau-Effretikon;municipality;PM10;μg/m3;13.340321338202621;OSTLUFT, BAFU, BFS
2015;2956;64;Nürensdorf;municipality;PM10;μg/m3;13.09618914226655;OSTLUFT, BAFU, BFS
2015;2957;94;Otelfingen;municipality;PM10;μg/m3;13.605427578301194;OSTLUFT, BAFU, BFS
2015;2958;82;Boppelsen;municipality;PM10;μg/m3;12.400865839840321;OSTLUFT, BAFU, BFS
2015;2959;62;Kloten;municipality;PM10;μg/m3;14.689222192152952;OSTLUFT, BAFU, BFS
2015;2960;95;Regensberg;municipality;PM10;μg/m3;12.113534032805893;OSTLUFT, BAFU, BFS
2015;2961;86;Dielsdorf;municipality;PM10;μg/m3;13.545103523712807;OSTLUFT, BAFU, BFS
2015;2962;213;Brütten;municipality;PM10;μg/m3;12.248271703952696;OSTLUFT, BAFU, BFS
2015;2963;226;Schlatt (ZH);municipality;PM10;μg/m3;11.100348484790539;OSTLUFT, BAFU, BFS
2015;2964;90;Niederhasli;municipality;PM10;μg/m3;13.661910037811854;OSTLUFT, BAFU, BFS
2015;2965;63;Lufingen;municipality;PM10;μg/m3;12.853916002593877;OSTLUFT, BAFU, BFS
2015;2966;92;Oberglatt;municipality;PM10;μg/m3;13.67719201847216;OSTLUFT, BAFU, BFS
2015;2967;89;Niederglatt;municipality;PM10;μg/m3;13.561761353834035;OSTLUFT, BAFU, BFS
2015;2968;65;Oberembrach;municipality;PM10;μg/m3;12.49739674945454;OSTLUFT, BAFU, BFS
2015;2969;72;Winkel;municipality;PM10;μg/m3;12.896849312500525;OSTLUFT, BAFU, BFS
2015;2970;51;Bachenbülach;municipality;PM10;μg/m3;13.478984116360772;OSTLUFT, BAFU, BFS
2015;2971;294;Elgg;municipality;PM10;μg/m3;12.031322007100435;OSTLUFT, BAFU, BFS
2015;2972;101;Steinmaur;municipality;PM10;μg/m3;12.945525644409287;OSTLUFT, BAFU, BFS
2015;2973;60;Höri;municipality;PM10;μg/m3;13.505668401902817;OSTLUFT, BAFU, BFS
2015;2974;219;Elsau;municipality;PM10;μg/m3;12.858677398601637;OSTLUFT, BAFU, BFS
2015;2975;224;Pfungen;municipality;PM10;μg/m3;13.1450988057877;OSTLUFT, BAFU, BFS
2015;2976;99;Schöfflisdorf;municipality;PM10;μg/m3;12.593612856942226;OSTLUFT, BAFU, BFS
2015;2977;98;Schleinikon;municipality;PM10;μg/m3;12.18841520136053;OSTLUFT, BAFU, BFS
2015;2978;88;Neerach;municipality;PM10;μg/m3;12.741101210725073;OSTLUFT, BAFU, BFS
2015;2979;61;Hüntwangen;municipality;PM10;μg/m3;12.102731313231736;OSTLUFT, BAFU, BFS
2015;2980;291;Andelfingen;municipality;PM10;μg/m3;12.534726251626944;OSTLUFT, BAFU, BFS
2015;2981;70;Wasterkingen;municipality;PM10;μg/m3;11.888691330940917;OSTLUFT, BAFU, BFS
2015;2982;33;Kleinandelfingen;municipality;PM10;μg/m3;12.907181501504455;OSTLUFT, BAFU, BFS
2015;2983;71;Wil (ZH);municipality;PM10;μg/m3;12.10104858786709;OSTLUFT, BAFU, BFS
2015;2984;67;Rafz;municipality;PM10;μg/m3;12.472521299138627;OSTLUFT, BAFU, BFS
2015;2985;37;Ossingen;municipality;PM10;μg/m3;12.361026038866653;OSTLUFT, BAFU, BFS
2015;2986;41;Truttikon;municipality;PM10;μg/m3;11.862368388928864;OSTLUFT, BAFU, BFS
2015;2987;35;Marthalen;municipality;PM10;μg/m3;12.40624678829227;OSTLUFT, BAFU, BFS
2015;2988;38;Rheinau;municipality;PM10;μg/m3;12.034510910970694;OSTLUFT, BAFU, BFS
2015;2989;40;Trüllikon;municipality;PM10;μg/m3;11.976930960606973;OSTLUFT, BAFU, BFS
2015;2990;292;Stammheim;municipality;PM10;μg/m3;12.068462705053983;OSTLUFT, BAFU, BFS
2015;2991;22;Benken (ZH);municipality;PM10;μg/m3;12.213897263922659;OSTLUFT, BAFU, BFS
2015;2992;25;Dachsen;municipality;PM10;μg/m3;12.370532080574819;OSTLUFT, BAFU, BFS
2015;2993;34;Laufen-Uhwiesen;municipality;PM10;μg/m3;12.060974038526943;OSTLUFT, BAFU, BFS
2015;2994;29;Flurlingen;municipality;PM10;μg/m3;13.082442522613656;OSTLUFT, BAFU, BFS
2015;2995;27;Feuerthalen;municipality;PM10;μg/m3;12.402033107532354;OSTLUFT, BAFU, BFS
2015;2996;56;Embrach;municipality;PM10;μg/m3;13.504958720031572;OSTLUFT, BAFU, BFS
2015;2997;93;Oberweningen;municipality;PM10;μg/m3;12.599637387294967;OSTLUFT, BAFU, BFS
2015;2998;220;Hagenbuch;municipality;PM10;μg/m3;11.887212071385417;OSTLUFT, BAFU, BFS
2015;2999;215;Dättlikon;municipality;PM10;μg/m3;12.56742745868058;OSTLUFT, BAFU, BFS
2015;3000;59;Hochfelden;municipality;PM10;μg/m3;12.940841133335987;OSTLUFT, BAFU, BFS
2015;3001;81;Bachs;municipality;PM10;μg/m3;11.83157431757128;OSTLUFT, BAFU, BFS
2015;3002;230;Winterthur;municipality;PM10;μg/m3;13.73588241147314;OSTLUFT, BAFU, BFS
2015;3003;68;Rorbas;municipality;PM10;μg/m3;13.085958579621941;OSTLUFT, BAFU, BFS
2015;3004;227;Seuzach;municipality;PM10;μg/m3;13.302645102419007;OSTLUFT, BAFU, BFS
2015;3005;298;Wiesendangen;municipality;PM10;μg/m3;12.961315769170332;OSTLUFT, BAFU, BFS
2015;3006;100;Stadel;municipality;PM10;μg/m3;12.246272201334996;OSTLUFT, BAFU, BFS
2015;3007;53;Bülach;municipality;PM10;μg/m3;13.875752392176622;OSTLUFT, BAFU, BFS
2015;3008;57;Freienstein-Teufen;municipality;PM10;μg/m3;13.016837218199758;OSTLUFT, BAFU, BFS
2015;3009;223;Neftenbach;municipality;PM10;μg/m3;12.876053145919961;OSTLUFT, BAFU, BFS
2015;3010;221;Hettlingen;municipality;PM10;μg/m3;12.666162368866656;OSTLUFT, BAFU, BFS
2015;3011;24;Buch am Irchel;municipality;PM10;μg/m3;11.695964213558916;OSTLUFT, BAFU, BFS
2015;3012;225;Rickenbach (ZH);municipality;PM10;μg/m3;12.988704747732564;OSTLUFT, BAFU, BFS
2015;3013;102;Weiach;municipality;PM10;μg/m3;12.06893506849354;OSTLUFT, BAFU, BFS
2015;3014;31;Henggart;municipality;PM10;μg/m3;12.47902930843561;OSTLUFT, BAFU, BFS
2015;3015;23;Berg am Irchel;municipality;PM10;μg/m3;12.189594070844452;OSTLUFT, BAFU, BFS
2015;3016;218;Ellikon an der Thur;municipality;PM10;μg/m3;12.665817796250584;OSTLUFT, BAFU, BFS
2015;3017;216;Dinhard;municipality;PM10;μg/m3;12.296733725147863;OSTLUFT, BAFU, BFS
2015;3018;58;Glattfelden;municipality;PM10;μg/m3;12.40113659249385;OSTLUFT, BAFU, BFS
2015;3019;58;Glattfelden;municipality;PM10;μg/m3;NA;OSTLUFT, BAFU, BFS
2015;3020;214;Dägerlen;municipality;PM10;μg/m3;12.009855873212901;OSTLUFT, BAFU, BFS
2015;3021;43;Volken;municipality;PM10;μg/m3;12.255081025565543;OSTLUFT, BAFU, BFS
2015;3022;26;Dorf;municipality;PM10;μg/m3;12.133093217375931;OSTLUFT, BAFU, BFS
2015;3023;55;Eglisau;municipality;PM10;μg/m3;12.809549594423553;OSTLUFT, BAFU, BFS
2015;3024;211;Altikon;municipality;PM10;μg/m3;12.35545674450529;OSTLUFT, BAFU, BFS
2015;3025;39;Thalheim an der Thur;municipality;PM10;μg/m3;12.241934810738595;OSTLUFT, BAFU, BFS
2015;3026;28;Flaach;municipality;PM10;μg/m3;12.448567931819113;OSTLUFT, BAFU, BFS
2015;3027;91;Niederweningen;municipality;PM10;μg/m3;12.609197536204196;OSTLUFT, BAFU, BFS
2015;3028;152;Herrliberg;municipality;PM10;μg/m3;13.835631423221171;OSTLUFT, BAFU, BFS
2015;3029;5;Hedingen;municipality;PM10;μg/m3;13.5535796752098;OSTLUFT, BAFU, BFS
2015;3030;151;Erlenbach (ZH);municipality;PM10;μg/m3;13.946945236997712;OSTLUFT, BAFU, BFS
2015;3031;139;Rüschlikon;municipality;PM10;μg/m3;14.543622048287036;OSTLUFT, BAFU, BFS
2015;3032;120;Wald (ZH);municipality;PM10;μg/m3;12.507936966576185;OSTLUFT, BAFU, BFS
2015;3033;192;Egg;municipality;PM10;μg/m3;12.884383573880623;OSTLUFT, BAFU, BFS
2015;3034;196;Mönchaltorf;municipality;PM10;μg/m3;13.069210239833096;OSTLUFT, BAFU, BFS
2015;3035;115;Gossau (ZH);municipality;PM10;μg/m3;13.247813118421485;OSTLUFT, BAFU, BFS
2015;3036;117;Hinwil;municipality;PM10;μg/m3;13.157361904523682;OSTLUFT, BAFU, BFS
2015;3037;131;Adliswil;municipality;PM10;μg/m3;14.133270430433523;OSTLUFT, BAFU, BFS
2015;3038;3;Bonstetten;municipality;PM10;μg/m3;13.083616923997091;OSTLUFT, BAFU, BFS
2015;3039;135;Kilchberg (ZH);municipality;PM10;μg/m3;14.072517731129182;OSTLUFT, BAFU, BFS
2015;3040;154;Küsnacht (ZH);municipality;PM10;μg/m3;13.58261676832747;OSTLUFT, BAFU, BFS
2015;3041;196;Mönchaltorf;municipality;PM10;μg/m3;NA;OSTLUFT, BAFU, BFS
2015;3042;241;Aesch (ZH);municipality;PM10;μg/m3;12.972836897073202;OSTLUFT, BAFU, BFS
2015;3043;0;;municipality;PM10;μg/m3;NA;OSTLUFT, BAFU, BFS
2015;3044;138;Richterswil;municipality;PM10;μg/m3;14.330329349584497;OSTLUFT, BAFU, BFS
2015;3045;6;Kappel am Albis;municipality;PM10;μg/m3;13.014653697776085;OSTLUFT, BAFU, BFS
2015;3046;7;Knonau;municipality;PM10;μg/m3;14.409376370291302;OSTLUFT, BAFU, BFS
2015;3047;8;Maschwanden;municipality;PM10;μg/m3;13.799564039762288;OSTLUFT, BAFU, BFS
2015;3048;293;Wädenswil;municipality;PM10;μg/m3;13.810722070044452;OSTLUFT, BAFU, BFS
2015;3049;12;Rifferswil;municipality;PM10;μg/m3;12.84154551259933;OSTLUFT, BAFU, BFS
2015;3050;158;Stäfa;municipality;PM10;μg/m3;14.035560051033316;OSTLUFT, BAFU, BFS
2015;3051;9;Mettmenstetten;municipality;PM10;μg/m3;13.994129450578681;OSTLUFT, BAFU, BFS
2015;3052;153;Hombrechtikon;municipality;PM10;μg/m3;13.687474928366925;OSTLUFT, BAFU, BFS
2015;3053;295;Horgen;municipality;PM10;μg/m3;14.373498472903934;OSTLUFT, BAFU, BFS
2015;3054;4;Hausen am Albis;municipality;PM10;μg/m3;12.739657188125255;OSTLUFT, BAFU, BFS
2015;3055;155;Männedorf;municipality;PM10;μg/m3;14.24359613009527;OSTLUFT, BAFU, BFS
2015;3056;118;Rüti (ZH);municipality;PM10;μg/m3;13.831035922799604;OSTLUFT, BAFU, BFS
2015;3057;10;Obfelden;municipality;PM10;μg/m3;14.054988846475462;OSTLUFT, BAFU, BFS
2015;3058;137;Oberrieden;municipality;PM10;μg/m3;14.73574050025961;OSTLUFT, BAFU, BFS
2015;3059;159;Uetikon am See;municipality;PM10;μg/m3;14.002408599061264;OSTLUFT, BAFU, BFS
2015;3060;157;Oetwil am See;municipality;PM10;μg/m3;13.467653138944419;OSTLUFT, BAFU, BFS
2015;3061;11;Ottenbach;municipality;PM10;μg/m3;14.222090725555773;OSTLUFT, BAFU, BFS
2015;3062;1;Aeugst am Albis;municipality;PM10;μg/m3;12.34154145351189;OSTLUFT, BAFU, BFS
2015;3063;113;Dürnten;municipality;PM10;μg/m3;13.501649842684783;OSTLUFT, BAFU, BFS
2015;3064;116;Grüningen;municipality;PM10;μg/m3;13.459792109628141;OSTLUFT, BAFU, BFS
2015;3065;112;Bubikon;municipality;PM10;μg/m3;13.422133498301337;OSTLUFT, BAFU, BFS
2015;3066;2;Affoltern am Albis;municipality;PM10;μg/m3;14.218392977320162;OSTLUFT, BAFU, BFS
2015;3067;136;Langnau am Albis;municipality;PM10;μg/m3;13.511540898127729;OSTLUFT, BAFU, BFS
2015;3068;141;Thalwil;municipality;PM10;μg/m3;14.664070463563906;OSTLUFT, BAFU, BFS
2015;3069;156;Meilen;municipality;PM10;μg/m3;14.425601895641487;OSTLUFT, BAFU, BFS
2015;3070;14;Wettswil am Albis;municipality;PM10;μg/m3;13.39825473857331;OSTLUFT, BAFU, BFS
2015;3071;160;Zumikon;municipality;PM10;μg/m3;12.443833786460816;OSTLUFT, BAFU, BFS
2015;3072;121;Wetzikon (ZH);municipality;PM10;μg/m3;13.424909764271366;OSTLUFT, BAFU, BFS
2015;3073;13;Stallikon;municipality;PM10;μg/m3;13.008924687659942;OSTLUFT, BAFU, BFS
2015;3074;161;Zollikon;municipality;PM10;μg/m3;13.341263577312375;OSTLUFT, BAFU, BFS
2015;2909;119;Seegräben;municipality;eBC;μg/m3;4.716910137995568;OSTLUFT, BAFU, BFS
2015;2910;195;Maur;municipality;eBC;μg/m3;4.406322483806144;OSTLUFT, BAFU, BFS
2015;2911;242;Birmensdorf (ZH);municipality;eBC;μg/m3;5.275008968631905;OSTLUFT, BAFU, BFS
2015;2912;111;Bäretswil;municipality;eBC;μg/m3;3.830697308513438;OSTLUFT, BAFU, BFS
2015;2913;0;;municipality;eBC;μg/m3;NA;OSTLUFT, BAFU, BFS
2015;2914;248;Uitikon;municipality;eBC;μg/m3;4.67025947923665;OSTLUFT, BAFU, BFS
2015;2915;114;Fischenthal;municipality;eBC;μg/m3;2.974957782425871;OSTLUFT, BAFU, BFS
2015;2916;194;Greifensee;municipality;eBC;μg/m3;5.436877052492959;OSTLUFT, BAFU, BFS
2015;2917;193;Fällanden;municipality;eBC;μg/m3;4.928749370132616;OSTLUFT, BAFU, BFS
2015;2918;198;Uster;municipality;eBC;μg/m3;5.525754058362398;OSTLUFT, BAFU, BFS
2015;2919;173;Hittnau;municipality;eBC;μg/m3;3.768464429696834;OSTLUFT, BAFU, BFS
2015;2920;197;Schwerzenbach;municipality;eBC;μg/m3;5.603900392883393;OSTLUFT, BAFU, BFS
2015;2921;250;Urdorf;municipality;eBC;μg/m3;5.947743659461078;OSTLUFT, BAFU, BFS
2015;2922;177;Pfäffikon;municipality;eBC;μg/m3;5.021370838108073;OSTLUFT, BAFU, BFS
2015;2923;297;Bauma;municipality;eBC;μg/m3;3.4032720174514512;OSTLUFT, BAFU, BFS
2015;2924;247;Schlieren;municipality;eBC;μg/m3;5.667222916852812;OSTLUFT, BAFU, BFS
2015;2925;0;;municipality;eBC;μg/m3;NA;OSTLUFT, BAFU, BFS
2015;2926;172;Fehraltorf;municipality;eBC;μg/m3;5.125223646517044;OSTLUFT, BAFU, BFS
2015;2927;191;Dübendorf;municipality;eBC;μg/m3;5.875167075801341;OSTLUFT, BAFU, BFS
2015;2928;0;NA;municipality;eBC;μg/m3;NA;OSTLUFT, BAFU, BFS
2015;2929;199;Volketswil;municipality;eBC;μg/m3;5.594797081520486;OSTLUFT, BAFU, BFS
2015;2930;249;Unterengstringen;municipality;eBC;μg/m3;6.333939012111275;OSTLUFT, BAFU, BFS
2015;2931;245;Oberengstringen;municipality;eBC;μg/m3;5.838072503468168;OSTLUFT, BAFU, BFS
2015;2932;243;Dietikon;municipality;eBC;μg/m3;6.202127926988269;OSTLUFT, BAFU, BFS
2015;2933;178;Russikon;municipality;eBC;μg/m3;3.8578489560178926;OSTLUFT, BAFU, BFS
2015;2934;244;Geroldswil;municipality;eBC;μg/m3;7.392357684047775;OSTLUFT, BAFU, BFS
2015;2935;200;Wangen-Brüttisellen;municipality;eBC;μg/m3;7.671835555142654;OSTLUFT, BAFU, BFS
2015;2936;251;Weiningen (ZH);municipality;eBC;μg/m3;6.310178895836056;OSTLUFT, BAFU, BFS
2015;2937;261;Zürich;municipality;eBC;μg/m3;6.300584538422917;OSTLUFT, BAFU, BFS
2015;2938;181;Wila;municipality;eBC;μg/m3;3.617974796126374;OSTLUFT, BAFU, BFS
2015;2939;246;Oetwil an der Limmat;municipality;eBC;μg/m3;5.951045524410614;OSTLUFT, BAFU, BFS
2015;2940;69;Wallisellen;municipality;eBC;μg/m3;7.755055941786878;OSTLUFT, BAFU, BFS
2015;2941;54;Dietlikon;municipality;eBC;μg/m3;6.546320520430552;OSTLUFT, BAFU, BFS
2015;2942;66;Opfikon;municipality;eBC;μg/m3;7.270177052322432;OSTLUFT, BAFU, BFS
2015;2943;182;Wildberg;municipality;eBC;μg/m3;3.2034385023348984;OSTLUFT, BAFU, BFS
2015;2944;84;Dällikon;municipality;eBC;μg/m3;4.808148402711455;OSTLUFT, BAFU, BFS
2015;2945;87;Hüttikon;municipality;eBC;μg/m3;4.371984301709206;OSTLUFT, BAFU, BFS
2015;2946;85;Dänikon;municipality;eBC;μg/m3;4.312022713622578;OSTLUFT, BAFU, BFS
2015;2947;180;Weisslingen;municipality;eBC;μg/m3;3.580063057825075;OSTLUFT, BAFU, BFS
2015;2948;52;Bassersdorf;municipality;eBC;μg/m3;5.489598623522939;OSTLUFT, BAFU, BFS
2015;2949;96;Regensdorf;municipality;eBC;μg/m3;5.473355439989008;OSTLUFT, BAFU, BFS
2015;2950;228;Turbenthal;municipality;eBC;μg/m3;3.4724931836601707;OSTLUFT, BAFU, BFS
2015;2951;83;Buchs (ZH);municipality;eBC;μg/m3;4.9366089984338055;OSTLUFT, BAFU, BFS
2015;2952;97;Rümlang;municipality;eBC;μg/m3;5.373229439765123;OSTLUFT, BAFU, BFS
2015;2953;176;Lindau;municipality;eBC;μg/m3;6.1899703465126175;OSTLUFT, BAFU, BFS
2015;2954;231;Zell (ZH);municipality;eBC;μg/m3;3.7592942137467236;OSTLUFT, BAFU, BFS
2015;2955;296;Illnau-Effretikon;municipality;eBC;μg/m3;4.595402047704176;OSTLUFT, BAFU, BFS
2015;2956;64;Nürensdorf;municipality;eBC;μg/m3;4.587459636054062;OSTLUFT, BAFU, BFS
2015;2957;94;Otelfingen;municipality;eBC;μg/m3;4.685403328787924;OSTLUFT, BAFU, BFS
2015;2958;82;Boppelsen;municipality;eBC;μg/m3;3.7891775408041166;OSTLUFT, BAFU, BFS
2015;2959;62;Kloten;municipality;eBC;μg/m3;6.193533822149362;OSTLUFT, BAFU, BFS
2015;2960;95;Regensberg;municipality;eBC;μg/m3;3.6750816303836413;OSTLUFT, BAFU, BFS
2015;2961;86;Dielsdorf;municipality;eBC;μg/m3;4.831038978419043;OSTLUFT, BAFU, BFS
2015;2962;213;Brütten;municipality;eBC;μg/m3;3.967190536754887;OSTLUFT, BAFU, BFS
2015;2963;226;Schlatt (ZH);municipality;eBC;μg/m3;3.016873122176246;OSTLUFT, BAFU, BFS
2015;2964;90;Niederhasli;municipality;eBC;μg/m3;4.57589154519773;OSTLUFT, BAFU, BFS
2015;2965;63;Lufingen;municipality;eBC;μg/m3;4.505833395792328;OSTLUFT, BAFU, BFS
2015;2966;92;Oberglatt;municipality;eBC;μg/m3;4.7596562218979;OSTLUFT, BAFU, BFS
2015;2967;89;Niederglatt;municipality;eBC;μg/m3;4.464888582394073;OSTLUFT, BAFU, BFS
2015;2968;65;Oberembrach;municipality;eBC;μg/m3;4.093146595107767;OSTLUFT, BAFU, BFS
2015;2969;72;Winkel;municipality;eBC;μg/m3;4.357963572321419;OSTLUFT, BAFU, BFS
2015;2970;51;Bachenbülach;municipality;eBC;μg/m3;4.623455313271108;OSTLUFT, BAFU, BFS
2015;2971;294;Elgg;municipality;eBC;μg/m3;3.6497304568257785;OSTLUFT, BAFU, BFS
2015;2972;101;Steinmaur;municipality;eBC;μg/m3;4.271098153036485;OSTLUFT, BAFU, BFS
2015;2973;60;Höri;municipality;eBC;μg/m3;4.66137992310764;OSTLUFT, BAFU, BFS
2015;2974;219;Elsau;municipality;eBC;μg/m3;4.333260482384888;OSTLUFT, BAFU, BFS
2015;2975;224;Pfungen;municipality;eBC;μg/m3;4.544143028849922;OSTLUFT, BAFU, BFS
2015;2976;99;Schöfflisdorf;municipality;eBC;μg/m3;3.8453136487271014;OSTLUFT, BAFU, BFS
2015;2977;98;Schleinikon;municipality;eBC;μg/m3;3.556340322927995;OSTLUFT, BAFU, BFS
2015;2978;88;Neerach;municipality;eBC;μg/m3;3.995968447713291;OSTLUFT, BAFU, BFS
2015;2979;61;Hüntwangen;municipality;eBC;μg/m3;3.4420594201539316;OSTLUFT, BAFU, BFS
2015;2980;291;Andelfingen;municipality;eBC;μg/m3;3.8877227637055634;OSTLUFT, BAFU, BFS
2015;2981;70;Wasterkingen;municipality;eBC;μg/m3;3.2632907544889465;OSTLUFT, BAFU, BFS
2015;2982;33;Kleinandelfingen;municipality;eBC;μg/m3;4.275956971702149;OSTLUFT, BAFU, BFS
2015;2983;71;Wil (ZH);municipality;eBC;μg/m3;3.516412933372282;OSTLUFT, BAFU, BFS
2015;2984;67;Rafz;municipality;eBC;μg/m3;3.6263236544403026;OSTLUFT, BAFU, BFS
2015;2985;37;Ossingen;municipality;eBC;μg/m3;3.8992712069039395;OSTLUFT, BAFU, BFS
2015;2986;41;Truttikon;municipality;eBC;μg/m3;3.393214598705894;OSTLUFT, BAFU, BFS
2015;2987;35;Marthalen;municipality;eBC;μg/m3;3.833940523751043;OSTLUFT, BAFU, BFS
2015;2988;38;Rheinau;municipality;eBC;μg/m3;3.325416977883611;OSTLUFT, BAFU, BFS
2015;2989;40;Trüllikon;municipality;eBC;μg/m3;3.4927652496772055;OSTLUFT, BAFU, BFS
2015;2990;292;Stammheim;municipality;eBC;μg/m3;3.614129717614728;OSTLUFT, BAFU, BFS
2015;2991;22;Benken (ZH);municipality;eBC;μg/m3;3.6539913267235096;OSTLUFT, BAFU, BFS
2015;2992;25;Dachsen;municipality;eBC;μg/m3;3.506611758196692;OSTLUFT, BAFU, BFS
2015;2993;34;Laufen-Uhwiesen;municipality;eBC;μg/m3;3.4244562935371996;OSTLUFT, BAFU, BFS
2015;2994;29;Flurlingen;municipality;eBC;μg/m3;4.2221065211329964;OSTLUFT, BAFU, BFS
2015;2995;27;Feuerthalen;municipality;eBC;μg/m3;3.7238979692743115;OSTLUFT, BAFU, BFS
2015;2996;56;Embrach;municipality;eBC;μg/m3;4.912349349092069;OSTLUFT, BAFU, BFS
2015;2997;93;Oberweningen;municipality;eBC;μg/m3;3.874700182321487;OSTLUFT, BAFU, BFS
2015;2998;220;Hagenbuch;municipality;eBC;μg/m3;3.5354394045743076;OSTLUFT, BAFU, BFS
2015;2999;215;Dättlikon;municipality;eBC;μg/m3;3.948447409704744;OSTLUFT, BAFU, BFS
2015;3000;59;Hochfelden;municipality;eBC;μg/m3;4.063891076538936;OSTLUFT, BAFU, BFS
2015;3001;81;Bachs;municipality;eBC;μg/m3;3.331155362966898;OSTLUFT, BAFU, BFS
2015;3002;230;Winterthur;municipality;eBC;μg/m3;5.2659444568045695;OSTLUFT, BAFU, BFS
2015;3003;68;Rorbas;municipality;eBC;μg/m3;4.391555663672029;OSTLUFT, BAFU, BFS
2015;3004;227;Seuzach;municipality;eBC;μg/m3;4.908263618924347;OSTLUFT, BAFU, BFS
2015;3005;298;Wiesendangen;municipality;eBC;μg/m3;4.5091562012419315;OSTLUFT, BAFU, BFS
2015;3006;100;Stadel;municipality;eBC;μg/m3;3.596671743739889;OSTLUFT, BAFU, BFS
2015;3007;53;Bülach;municipality;eBC;μg/m3;4.854615549468764;OSTLUFT, BAFU, BFS
2015;3008;57;Freienstein-Teufen;municipality;eBC;μg/m3;4.2698301464478075;OSTLUFT, BAFU, BFS
2015;3009;223;Neftenbach;municipality;eBC;μg/m3;4.222936774216013;OSTLUFT, BAFU, BFS
2015;3010;221;Hettlingen;municipality;eBC;μg/m3;4.123715915233892;OSTLUFT, BAFU, BFS
2015;3011;24;Buch am Irchel;municipality;eBC;μg/m3;3.360428516327972;OSTLUFT, BAFU, BFS
2015;3012;225;Rickenbach (ZH);municipality;eBC;μg/m3;4.453160090947719;OSTLUFT, BAFU, BFS
2015;3013;102;Weiach;municipality;eBC;μg/m3;3.4953625080260364;OSTLUFT, BAFU, BFS
2015;3014;31;Henggart;municipality;eBC;μg/m3;3.8673618865678034;OSTLUFT, BAFU, BFS
2015;3015;23;Berg am Irchel;municipality;eBC;μg/m3;3.6395337756300146;OSTLUFT, BAFU, BFS
2015;3016;218;Ellikon an der Thur;municipality;eBC;μg/m3;4.043823079241469;OSTLUFT, BAFU, BFS
2015;3017;216;Dinhard;municipality;eBC;μg/m3;3.7982395810465657;OSTLUFT, BAFU, BFS
2015;3018;58;Glattfelden;municipality;eBC;μg/m3;3.6235514324192057;OSTLUFT, BAFU, BFS
2015;3019;58;Glattfelden;municipality;eBC;μg/m3;NA;OSTLUFT, BAFU, BFS
2015;3020;214;Dägerlen;municipality;eBC;μg/m3;3.5987861300827166;OSTLUFT, BAFU, BFS
2015;3021;43;Volken;municipality;eBC;μg/m3;3.7155026424221878;OSTLUFT, BAFU, BFS
2015;3022;26;Dorf;municipality;eBC;μg/m3;3.677835300090207;OSTLUFT, BAFU, BFS
2015;3023;55;Eglisau;municipality;eBC;μg/m3;4.050720654795101;OSTLUFT, BAFU, BFS
2015;3024;211;Altikon;municipality;eBC;μg/m3;3.8578205709130504;OSTLUFT, BAFU, BFS
2015;3025;39;Thalheim an der Thur;municipality;eBC;μg/m3;3.661981619160859;OSTLUFT, BAFU, BFS
2015;3026;28;Flaach;municipality;eBC;μg/m3;3.8762147513924132;OSTLUFT, BAFU, BFS
2015;3027;91;Niederweningen;municipality;eBC;μg/m3;3.916166920966899;OSTLUFT, BAFU, BFS
2015;3028;152;Herrliberg;municipality;eBC;μg/m3;5.423072988781684;OSTLUFT, BAFU, BFS
2015;3029;5;Hedingen;municipality;eBC;μg/m3;5.068979578368258;OSTLUFT, BAFU, BFS
2015;3030;151;Erlenbach (ZH);municipality;eBC;μg/m3;5.5306148182622215;OSTLUFT, BAFU, BFS
2015;3031;139;Rüschlikon;municipality;eBC;μg/m3;6.127116845967038;OSTLUFT, BAFU, BFS
2015;3032;120;Wald (ZH);municipality;eBC;μg/m3;5.0156656084545705;OSTLUFT, BAFU, BFS
2015;3033;192;Egg;municipality;eBC;μg/m3;5.005333115605308;OSTLUFT, BAFU, BFS
2015;3034;196;Mönchaltorf;municipality;eBC;μg/m3;5.126110895877009;OSTLUFT, BAFU, BFS
2015;3035;115;Gossau (ZH);municipality;eBC;μg/m3;5.2824134933224025;OSTLUFT, BAFU, BFS
2015;3036;117;Hinwil;municipality;eBC;μg/m3;5.333693696426482;OSTLUFT, BAFU, BFS
2015;3037;131;Adliswil;municipality;eBC;μg/m3;5.911224107112289;OSTLUFT, BAFU, BFS
2015;3038;3;Bonstetten;municipality;eBC;μg/m3;4.799808986575254;OSTLUFT, BAFU, BFS
2015;3039;135;Kilchberg (ZH);municipality;eBC;μg/m3;5.703496215927658;OSTLUFT, BAFU, BFS
2015;3040;154;Küsnacht (ZH);municipality;eBC;μg/m3;5.228885382486494;OSTLUFT, BAFU, BFS
2015;3041;196;Mönchaltorf;municipality;eBC;μg/m3;NA;OSTLUFT, BAFU, BFS
2015;3042;241;Aesch (ZH);municipality;eBC;μg/m3;4.702202290099188;OSTLUFT, BAFU, BFS
2015;3043;0;;municipality;eBC;μg/m3;NA;OSTLUFT, BAFU, BFS
2015;3044;138;Richterswil;municipality;eBC;μg/m3;5.945347224593982;OSTLUFT, BAFU, BFS
2015;3045;6;Kappel am Albis;municipality;eBC;μg/m3;4.733425126199829;OSTLUFT, BAFU, BFS
2015;3046;7;Knonau;municipality;eBC;μg/m3;6.13950338887694;OSTLUFT, BAFU, BFS
2015;3047;8;Maschwanden;municipality;eBC;μg/m3;5.162882497755148;OSTLUFT, BAFU, BFS
2015;3048;293;Wädenswil;municipality;eBC;μg/m3;5.688091253520079;OSTLUFT, BAFU, BFS
2015;3049;12;Rifferswil;municipality;eBC;μg/m3;4.651027876416415;OSTLUFT, BAFU, BFS
2015;3050;158;Stäfa;municipality;eBC;μg/m3;5.844319936709084;OSTLUFT, BAFU, BFS
2015;3051;9;Mettmenstetten;municipality;eBC;μg/m3;5.613224599445937;OSTLUFT, BAFU, BFS
2015;3052;153;Hombrechtikon;municipality;eBC;μg/m3;5.676060734308842;OSTLUFT, BAFU, BFS
2015;3053;295;Horgen;municipality;eBC;μg/m3;6.158520232270133;OSTLUFT, BAFU, BFS
2015;3054;4;Hausen am Albis;municipality;eBC;μg/m3;4.623986460687354;OSTLUFT, BAFU, BFS
2015;3055;155;Männedorf;municipality;eBC;μg/m3;6.077411484550778;OSTLUFT, BAFU, BFS
2015;3056;118;Rüti (ZH);municipality;eBC;μg/m3;5.760837013518231;OSTLUFT, BAFU, BFS
2015;3057;10;Obfelden;municipality;eBC;μg/m3;5.444179586697449;OSTLUFT, BAFU, BFS
2015;3058;137;Oberrieden;municipality;eBC;μg/m3;6.183286262156653;OSTLUFT, BAFU, BFS
2015;3059;159;Uetikon am See;municipality;eBC;μg/m3;5.711435236622199;OSTLUFT, BAFU, BFS
2015;3060;157;Oetwil am See;municipality;eBC;μg/m3;5.594048225100678;OSTLUFT, BAFU, BFS
2015;3061;11;Ottenbach;municipality;eBC;μg/m3;5.656372248619357;OSTLUFT, BAFU, BFS
2015;3062;1;Aeugst am Albis;municipality;eBC;μg/m3;4.209200334049271;OSTLUFT, BAFU, BFS
2015;3063;113;Dürnten;municipality;eBC;μg/m3;5.520620281213446;OSTLUFT, BAFU, BFS
2015;3064;116;Grüningen;municipality;eBC;μg/m3;5.420784582656731;OSTLUFT, BAFU, BFS
2015;3065;112;Bubikon;municipality;eBC;μg/m3;5.381990907054521;OSTLUFT, BAFU, BFS
2015;3066;2;Affoltern am Albis;municipality;eBC;μg/m3;5.685357300121782;OSTLUFT, BAFU, BFS
2015;3067;136;Langnau am Albis;municipality;eBC;μg/m3;5.173948327776897;OSTLUFT, BAFU, BFS
2015;3068;141;Thalwil;municipality;eBC;μg/m3;6.2536317291130095;OSTLUFT, BAFU, BFS
2015;3069;156;Meilen;municipality;eBC;μg/m3;6.060610472008786;OSTLUFT, BAFU, BFS
2015;3070;14;Wettswil am Albis;municipality;eBC;μg/m3;4.9898647438970976;OSTLUFT, BAFU, BFS
2015;3071;160;Zumikon;municipality;eBC;μg/m3;4.574851226242228;OSTLUFT, BAFU, BFS
2015;3072;121;Wetzikon (ZH);municipality;eBC;μg/m3;5.662401407245565;OSTLUFT, BAFU, BFS
2015;3073;13;Stallikon;municipality;eBC;μg/m3;4.746934681765402;OSTLUFT, BAFU, BFS
2015;3074;161;Zollikon;municipality;eBC;μg/m3;5.061057181649158;OSTLUFT, BAFU, BFS
